image_path,transcription
data/0_input/handout-modified/original_data_split/train/855.png,da
data/0_input/handout-modified/original_data_split/train/856.png,CONSEJOS
data/0_input/handout-modified/original_data_split/train/857.png,buen
data/0_input/handout-modified/original_data_split/train/858.png,calidad
data/0_input/handout-modified/original_data_split/train/859.png,feccion
data/0_input/handout-modified/original_data_split/train/860.png,mayor.
data/0_input/handout-modified/original_data_split/train/861.png,dichoso
data/0_input/handout-modified/original_data_split/train/862.png,"teles,"
data/0_input/handout-modified/original_data_split/train/863.png,"observase,"
data/0_input/handout-modified/original_data_split/train/864.png,"honra,"
data/0_input/handout-modified/original_data_split/train/865.png,desde
data/0_input/handout-modified/original_data_split/train/866.png,"mundo,"
data/0_input/handout-modified/original_data_split/train/867.png,Fiesta
data/0_input/handout-modified/original_data_split/train/868.png,alabareys.
data/0_input/handout-modified/original_data_split/train/869.png,enfadados
data/0_input/handout-modified/original_data_split/train/870.png,fundamen
data/0_input/handout-modified/original_data_split/train/871.png,"deuda,"
data/0_input/handout-modified/original_data_split/train/872.png,tienen
data/0_input/handout-modified/original_data_split/train/873.png,cio
data/0_input/handout-modified/original_data_split/train/874.png,"entienden,"
data/0_input/handout-modified/original_data_split/train/875.png,"descorteses,"
data/0_input/handout-modified/original_data_split/train/876.png,cabezas
data/0_input/handout-modified/original_data_split/train/877.png,gloria.
data/0_input/handout-modified/original_data_split/train/878.png,seguir
data/0_input/handout-modified/original_data_split/train/879.png,viendole
data/0_input/handout-modified/original_data_split/train/880.png,cente
data/0_input/handout-modified/original_data_split/train/881.png,"excelente,"
data/0_input/handout-modified/original_data_split/train/882.png,consiste
data/0_input/handout-modified/original_data_split/train/883.png,efecto
data/0_input/handout-modified/original_data_split/train/884.png,"pues,"
data/0_input/handout-modified/original_data_split/train/885.png,Angeles
data/0_input/handout-modified/original_data_split/train/886.png,su
data/0_input/handout-modified/original_data_split/train/887.png,seguidor
data/0_input/handout-modified/original_data_split/train/888.png,tiernos
data/0_input/handout-modified/original_data_split/train/889.png,grandezas
data/0_input/handout-modified/original_data_split/train/890.png,quien
data/0_input/handout-modified/original_data_split/train/891.png,soberania
data/0_input/handout-modified/original_data_split/train/892.png,Oficios
data/0_input/handout-modified/original_data_split/train/893.png,posseen.
data/0_input/handout-modified/original_data_split/train/894.png,gra-
data/0_input/handout-modified/original_data_split/train/895.png,"Francisco,"
data/0_input/handout-modified/original_data_split/train/896.png,"das,"
data/0_input/handout-modified/original_data_split/train/897.png,enton-
data/0_input/handout-modified/original_data_split/train/898.png,"cubran,"
data/0_input/handout-modified/original_data_split/train/899.png,sujeto
data/0_input/handout-modified/original_data_split/train/900.png,"Pontifice,"
data/0_input/handout-modified/original_data_split/train/901.png,vuestra
data/0_input/handout-modified/original_data_split/train/902.png,"ter,"
data/0_input/handout-modified/original_data_split/train/903.png,pinas
data/0_input/handout-modified/original_data_split/train/904.png,buenos
data/0_input/handout-modified/original_data_split/train/905.png,una
data/0_input/handout-modified/original_data_split/train/906.png,los
data/0_input/handout-modified/original_data_split/train/907.png,aprovecha-
data/0_input/handout-modified/original_data_split/train/908.png,"visto,"
data/0_input/handout-modified/original_data_split/train/909.png,"mitas,"
data/0_input/handout-modified/original_data_split/train/910.png,plead
data/0_input/handout-modified/original_data_split/train/911.png,Doctos:
data/0_input/handout-modified/original_data_split/train/912.png,"Señor,"
data/0_input/handout-modified/original_data_split/train/913.png,providencia
data/0_input/handout-modified/original_data_split/train/914.png,obtenerse
data/0_input/handout-modified/original_data_split/train/915.png,cuydar
data/0_input/handout-modified/original_data_split/train/916.png,creyendo
data/0_input/handout-modified/original_data_split/train/917.png,chos
data/0_input/handout-modified/original_data_split/train/918.png,"Ilustres,"
data/0_input/handout-modified/original_data_split/train/919.png,"podays,"
data/0_input/handout-modified/original_data_split/train/920.png,amparo
data/0_input/handout-modified/original_data_split/train/921.png,nima
data/0_input/handout-modified/original_data_split/train/922.png,acopanava
data/0_input/handout-modified/original_data_split/train/923.png,respetad
data/0_input/handout-modified/original_data_split/train/924.png,Oyd
data/0_input/handout-modified/original_data_split/train/925.png,Propheta;
data/0_input/handout-modified/original_data_split/train/926.png,si-
data/0_input/handout-modified/original_data_split/train/927.png,Vuestra
data/0_input/handout-modified/original_data_split/train/928.png,aunque
data/0_input/handout-modified/original_data_split/train/929.png,tampoco
data/0_input/handout-modified/original_data_split/train/930.png,"afeminados,"
data/0_input/handout-modified/original_data_split/train/931.png,perar
data/0_input/handout-modified/original_data_split/train/932.png,"Fortaleza,"
data/0_input/handout-modified/original_data_split/train/933.png,"mayor,"
data/0_input/handout-modified/original_data_split/train/934.png,"rectamente,"
data/0_input/handout-modified/original_data_split/train/935.png,"Sacramento,"
data/0_input/handout-modified/original_data_split/train/936.png,"menos,"
data/0_input/handout-modified/original_data_split/train/937.png,seria
data/0_input/handout-modified/original_data_split/train/938.png,sufrir
data/0_input/handout-modified/original_data_split/train/939.png,ble
data/0_input/handout-modified/original_data_split/train/940.png,"noble,"
data/0_input/handout-modified/original_data_split/train/941.png,ponde-
data/0_input/handout-modified/original_data_split/train/942.png,mentado
data/0_input/handout-modified/original_data_split/train/943.png,y
data/0_input/handout-modified/original_data_split/train/944.png,cando
data/0_input/handout-modified/original_data_split/train/945.png,Esto
data/0_input/handout-modified/original_data_split/train/946.png,aya
data/0_input/handout-modified/original_data_split/train/947.png,esti-
data/0_input/handout-modified/original_data_split/train/948.png,cumplir
data/0_input/handout-modified/original_data_split/train/949.png,Señor
data/0_input/handout-modified/original_data_split/train/950.png,hecho
data/0_input/handout-modified/original_data_split/train/951.png,apostatar
data/0_input/handout-modified/original_data_split/train/952.png,"oro,"
data/0_input/handout-modified/original_data_split/train/953.png,Angel
data/0_input/handout-modified/original_data_split/train/954.png,gente
data/0_input/handout-modified/original_data_split/train/955.png,hablad
data/0_input/handout-modified/original_data_split/train/956.png,"encia,"
data/0_input/handout-modified/original_data_split/train/957.png,"tamente,"
data/0_input/handout-modified/original_data_split/train/958.png,contentaos
data/0_input/handout-modified/original_data_split/train/959.png,"Dios,"
data/0_input/handout-modified/original_data_split/train/960.png,quanto
data/0_input/handout-modified/original_data_split/train/961.png,raleza
data/0_input/handout-modified/original_data_split/train/962.png,elegir
data/0_input/handout-modified/original_data_split/train/963.png,recogido
data/0_input/handout-modified/original_data_split/train/964.png,"Socrates,"
data/0_input/handout-modified/original_data_split/train/965.png,EN
data/0_input/handout-modified/original_data_split/train/966.png,tial
data/0_input/handout-modified/original_data_split/train/967.png,"zer,"
data/0_input/handout-modified/original_data_split/train/968.png,des
data/0_input/handout-modified/original_data_split/train/969.png,"inchado,"
data/0_input/handout-modified/original_data_split/train/970.png,devotos
data/0_input/handout-modified/original_data_split/train/971.png,bligados
data/0_input/handout-modified/original_data_split/train/972.png,"mano,"
data/0_input/handout-modified/original_data_split/train/973.png,ahora
data/0_input/handout-modified/original_data_split/train/974.png,dar
data/0_input/handout-modified/original_data_split/train/975.png,dificil
data/0_input/handout-modified/original_data_split/train/976.png,dellas
data/0_input/handout-modified/original_data_split/train/977.png,soys
data/0_input/handout-modified/original_data_split/train/978.png,rehuseys
data/0_input/handout-modified/original_data_split/train/979.png,fiestas
data/0_input/handout-modified/original_data_split/train/980.png,Seneca
data/0_input/handout-modified/original_data_split/train/981.png,Philosophos
data/0_input/handout-modified/original_data_split/train/982.png,realce
data/0_input/handout-modified/original_data_split/train/983.png,Agus-
data/0_input/handout-modified/original_data_split/train/984.png,"nio,"
data/0_input/handout-modified/original_data_split/train/985.png,rase
data/0_input/handout-modified/original_data_split/train/986.png,Sol.
data/0_input/handout-modified/original_data_split/train/987.png,pues
data/0_input/handout-modified/original_data_split/train/988.png,poner
data/0_input/handout-modified/original_data_split/train/989.png,"ello,"
data/0_input/handout-modified/original_data_split/train/990.png,trato
data/0_input/handout-modified/original_data_split/train/991.png,"desseo,"
data/0_input/handout-modified/original_data_split/train/992.png,haze
data/0_input/handout-modified/original_data_split/train/993.png,siem-
data/0_input/handout-modified/original_data_split/train/994.png,per-
data/0_input/handout-modified/original_data_split/train/995.png,"ella,"
data/0_input/handout-modified/original_data_split/train/996.png,toda
data/0_input/handout-modified/original_data_split/train/997.png,compostura
data/0_input/handout-modified/original_data_split/train/998.png,ni
data/0_input/handout-modified/original_data_split/train/999.png,fin
data/0_input/handout-modified/original_data_split/train/1000.png,des-
data/0_input/handout-modified/original_data_split/train/1001.png,patroci-
data/0_input/handout-modified/original_data_split/train/1002.png,dos
data/0_input/handout-modified/original_data_split/train/1003.png,"condiciones,"
data/0_input/handout-modified/original_data_split/train/1004.png,"ultimamente,"
data/0_input/handout-modified/original_data_split/train/1005.png,educacion
data/0_input/handout-modified/original_data_split/train/1006.png,piedad
data/0_input/handout-modified/original_data_split/train/1007.png,"piedras,"
data/0_input/handout-modified/original_data_split/train/1008.png,"preciar,"
data/0_input/handout-modified/original_data_split/train/1009.png,continuo
data/0_input/handout-modified/original_data_split/train/1010.png,un
data/0_input/handout-modified/original_data_split/train/1011.png,Primogénito.
data/0_input/handout-modified/original_data_split/train/1012.png,escrito:
data/0_input/handout-modified/original_data_split/train/1013.png,Tampoco
data/0_input/handout-modified/original_data_split/train/1014.png,procuran)
data/0_input/handout-modified/original_data_split/train/1015.png,divinos
data/0_input/handout-modified/original_data_split/train/1016.png,mayores
data/0_input/handout-modified/original_data_split/train/1017.png,unos
data/0_input/handout-modified/original_data_split/train/1018.png,tomad
data/0_input/handout-modified/original_data_split/train/1019.png,ser
data/0_input/handout-modified/original_data_split/train/1020.png,"hallan,"
data/0_input/handout-modified/original_data_split/train/1021.png,"Bullon,"
data/0_input/handout-modified/original_data_split/train/1022.png,no
data/0_input/handout-modified/original_data_split/train/1023.png,vene-
data/0_input/handout-modified/original_data_split/train/1024.png,apli-
data/0_input/handout-modified/original_data_split/train/1025.png,fermedad
data/0_input/handout-modified/original_data_split/train/1026.png,limos-
data/0_input/handout-modified/original_data_split/train/1027.png,tin:
data/0_input/handout-modified/original_data_split/train/1028.png,truxeron
data/0_input/handout-modified/original_data_split/train/1029.png,"vuestra,"
data/0_input/handout-modified/original_data_split/train/1030.png,Ale-
data/0_input/handout-modified/original_data_split/train/1031.png,noble
data/0_input/handout-modified/original_data_split/train/1032.png,Magestad
data/0_input/handout-modified/original_data_split/train/1033.png,"cencia,"
data/0_input/handout-modified/original_data_split/train/1034.png,Viatico
data/0_input/handout-modified/original_data_split/train/1035.png,do
data/0_input/handout-modified/original_data_split/train/1036.png,Digo
data/0_input/handout-modified/original_data_split/train/1037.png,nuestra
data/0_input/handout-modified/original_data_split/train/1038.png,gacion
data/0_input/handout-modified/original_data_split/train/1039.png,agradecido
data/0_input/handout-modified/original_data_split/train/1040.png,A
data/0_input/handout-modified/original_data_split/train/1041.png,si
data/0_input/handout-modified/original_data_split/train/1042.png,rara
data/0_input/handout-modified/original_data_split/train/1043.png,"Christiana,"
data/0_input/handout-modified/original_data_split/train/1044.png,conveniente
data/0_input/handout-modified/original_data_split/train/1045.png,so:
data/0_input/handout-modified/original_data_split/train/1046.png,Nobleza)
data/0_input/handout-modified/original_data_split/train/1047.png,jugar
data/0_input/handout-modified/original_data_split/train/1048.png,privilegio
data/0_input/handout-modified/original_data_split/train/1049.png,blen
data/0_input/handout-modified/original_data_split/train/1050.png,(como
data/0_input/handout-modified/original_data_split/train/1051.png,sentimiento
data/0_input/handout-modified/original_data_split/train/1052.png,hijos
data/0_input/handout-modified/original_data_split/train/1053.png,"ron,"
data/0_input/handout-modified/original_data_split/train/1054.png,Ci-
data/0_input/handout-modified/original_data_split/train/1055.png,Misterio.
data/0_input/handout-modified/original_data_split/train/1056.png,"busca,"
data/0_input/handout-modified/original_data_split/train/1057.png,al
data/0_input/handout-modified/original_data_split/train/1058.png,useys
data/0_input/handout-modified/original_data_split/train/1059.png,huyr
data/0_input/handout-modified/original_data_split/train/1060.png,(grave
data/0_input/handout-modified/original_data_split/train/1061.png,herencia
data/0_input/handout-modified/original_data_split/train/1062.png,tendreys
data/0_input/handout-modified/original_data_split/train/1063.png,primera
data/0_input/handout-modified/original_data_split/train/1064.png,mejor
data/0_input/handout-modified/original_data_split/train/1065.png,aquí
data/0_input/handout-modified/original_data_split/train/1066.png,faltan
data/0_input/handout-modified/original_data_split/train/1067.png,gas-
data/0_input/handout-modified/original_data_split/train/1068.png,"sumen,"
data/0_input/handout-modified/original_data_split/train/1069.png,"les,"
data/0_input/handout-modified/original_data_split/train/1070.png,mostrarles
data/0_input/handout-modified/original_data_split/train/1071.png,le
data/0_input/handout-modified/original_data_split/train/1072.png,(peste
data/0_input/handout-modified/original_data_split/train/1073.png,aviendose
data/0_input/handout-modified/original_data_split/train/1074.png,darme
data/0_input/handout-modified/original_data_split/train/1075.png,"Artifices,"
data/0_input/handout-modified/original_data_split/train/1076.png,hazen
data/0_input/handout-modified/original_data_split/train/1077.png,servid
data/0_input/handout-modified/original_data_split/train/1078.png,"puertas,"
data/0_input/handout-modified/original_data_split/train/1079.png,quieren
data/0_input/handout-modified/original_data_split/train/1080.png,"so,"
data/0_input/handout-modified/original_data_split/train/1081.png,Madre)
data/0_input/handout-modified/original_data_split/train/1082.png,costumbres.
data/0_input/handout-modified/original_data_split/train/1083.png,zidas
data/0_input/handout-modified/original_data_split/train/1084.png,Preciaos
data/0_input/handout-modified/original_data_split/train/1085.png,obligados
data/0_input/handout-modified/original_data_split/train/1086.png,vuestro
data/0_input/handout-modified/original_data_split/train/1087.png,diencia
data/0_input/handout-modified/original_data_split/train/1088.png,"rodilla,"
data/0_input/handout-modified/original_data_split/train/1089.png,co
data/0_input/handout-modified/original_data_split/train/1090.png,todas
data/0_input/handout-modified/original_data_split/train/1091.png,por
data/0_input/handout-modified/original_data_split/train/1092.png,na
data/0_input/handout-modified/original_data_split/train/1093.png,alguna
data/0_input/handout-modified/original_data_split/train/1094.png,Señores
data/0_input/handout-modified/original_data_split/train/1095.png,atencion
data/0_input/handout-modified/original_data_split/train/1096.png,tempora-
data/0_input/handout-modified/original_data_split/train/1097.png,(que
data/0_input/handout-modified/original_data_split/train/1098.png,documen
data/0_input/handout-modified/original_data_split/train/1099.png,celebrareys
data/0_input/handout-modified/original_data_split/train/1100.png,"fortaleza,"
data/0_input/handout-modified/original_data_split/train/1101.png,reconocer
data/0_input/handout-modified/original_data_split/train/1102.png,"pion,"
data/0_input/handout-modified/original_data_split/train/1103.png,Potentados
data/0_input/handout-modified/original_data_split/train/1104.png,"Ciceron,"
data/0_input/handout-modified/original_data_split/train/1105.png,verdad
data/0_input/handout-modified/original_data_split/train/1106.png,bondad
data/0_input/handout-modified/original_data_split/train/1107.png,jamas
data/0_input/handout-modified/original_data_split/train/1108.png,salir)
data/0_input/handout-modified/original_data_split/train/1109.png,instante
data/0_input/handout-modified/original_data_split/train/1110.png,tan
data/0_input/handout-modified/original_data_split/train/1111.png,amenaza
data/0_input/handout-modified/original_data_split/train/1112.png,jun-
data/0_input/handout-modified/original_data_split/train/1113.png,"engrandecen,"
data/0_input/handout-modified/original_data_split/train/1114.png,honra
data/0_input/handout-modified/original_data_split/train/1115.png,co-
data/0_input/handout-modified/original_data_split/train/1116.png,ella
data/0_input/handout-modified/original_data_split/train/1117.png,preceptos
data/0_input/handout-modified/original_data_split/train/1118.png,Divino
data/0_input/handout-modified/original_data_split/train/1119.png,Gofredo
data/0_input/handout-modified/original_data_split/train/1120.png,venciendose
data/0_input/handout-modified/original_data_split/train/1121.png,asiento
data/0_input/handout-modified/original_data_split/train/1122.png,"bertad,"
data/0_input/handout-modified/original_data_split/train/1123.png,"demas,"
data/0_input/handout-modified/original_data_split/train/1124.png,principal
data/0_input/handout-modified/original_data_split/train/1125.png,trado
data/0_input/handout-modified/original_data_split/train/1126.png,"eterna,"
data/0_input/handout-modified/original_data_split/train/1127.png,discursos
data/0_input/handout-modified/original_data_split/train/1128.png,civil)
data/0_input/handout-modified/original_data_split/train/1129.png,Estephano
data/0_input/handout-modified/original_data_split/train/1130.png,"sienten,"
data/0_input/handout-modified/original_data_split/train/1131.png,bien
data/0_input/handout-modified/original_data_split/train/1132.png,suya
data/0_input/handout-modified/original_data_split/train/1133.png,vayan.
data/0_input/handout-modified/original_data_split/train/1134.png,David
data/0_input/handout-modified/original_data_split/train/1135.png,hallaredes
data/0_input/handout-modified/original_data_split/train/1136.png,saldreys
data/0_input/handout-modified/original_data_split/train/1137.png,"claridad,"
data/0_input/handout-modified/original_data_split/train/1138.png,quan-
data/0_input/handout-modified/original_data_split/train/1139.png,tales
data/0_input/handout-modified/original_data_split/train/1140.png,"dellos,"
data/0_input/handout-modified/original_data_split/train/1141.png,hazienda
data/0_input/handout-modified/original_data_split/train/1142.png,hallo
data/0_input/handout-modified/original_data_split/train/1143.png,beralidad
data/0_input/handout-modified/original_data_split/train/1144.png,pidieren)
data/0_input/handout-modified/original_data_split/train/1145.png,cadaver
data/0_input/handout-modified/original_data_split/train/1146.png,largos
data/0_input/handout-modified/original_data_split/train/1147.png,"Familias,"
data/0_input/handout-modified/original_data_split/train/1148.png,"dole,"
data/0_input/handout-modified/original_data_split/train/1149.png,"predeterminacion,"
data/0_input/handout-modified/original_data_split/train/1150.png,"Carbunco,"
data/0_input/handout-modified/original_data_split/train/1151.png,principio
data/0_input/handout-modified/original_data_split/train/1152.png,carga
data/0_input/handout-modified/original_data_split/train/1153.png,quantos
data/0_input/handout-modified/original_data_split/train/1154.png,conclu-
data/0_input/handout-modified/original_data_split/train/1155.png,"descubierto,"
data/0_input/handout-modified/original_data_split/train/1156.png,mortales
data/0_input/handout-modified/original_data_split/train/1157.png,grandeza.
data/0_input/handout-modified/original_data_split/train/1158.png,"Noble,"
data/0_input/handout-modified/original_data_split/train/1159.png,ocul
data/0_input/handout-modified/original_data_split/train/1160.png,Her-
data/0_input/handout-modified/original_data_split/train/1161.png,mildad
data/0_input/handout-modified/original_data_split/train/1162.png,parecido
data/0_input/handout-modified/original_data_split/train/1163.png,"lugares,"
data/0_input/handout-modified/original_data_split/train/1164.png,agra-
data/0_input/handout-modified/original_data_split/train/1165.png,engañado
data/0_input/handout-modified/original_data_split/train/1166.png,caso
data/0_input/handout-modified/original_data_split/train/1167.png,"grande,"
data/0_input/handout-modified/original_data_split/train/1168.png,dicha
data/0_input/handout-modified/original_data_split/train/1169.png,"tuoso,"
data/0_input/handout-modified/original_data_split/train/1170.png,hora
data/0_input/handout-modified/original_data_split/train/1171.png,"Theodosio,"
data/0_input/handout-modified/original_data_split/train/1172.png,devidas
data/0_input/handout-modified/original_data_split/train/1173.png,sallos
data/0_input/handout-modified/original_data_split/train/1174.png,os
data/0_input/handout-modified/original_data_split/train/1175.png,preside.
data/0_input/handout-modified/original_data_split/train/1176.png,daros
data/0_input/handout-modified/original_data_split/train/1177.png,Em-
data/0_input/handout-modified/original_data_split/train/1178.png,Hablad
data/0_input/handout-modified/original_data_split/train/1179.png,Aqui
data/0_input/handout-modified/original_data_split/train/1180.png,sin
data/0_input/handout-modified/original_data_split/train/1181.png,introdu-
data/0_input/handout-modified/original_data_split/train/1182.png,"Bautismo,"
data/0_input/handout-modified/original_data_split/train/1183.png,gracia
data/0_input/handout-modified/original_data_split/train/1184.png,meses
data/0_input/handout-modified/original_data_split/train/1185.png,tener
data/0_input/handout-modified/original_data_split/train/1186.png,"immortal,"
data/0_input/handout-modified/original_data_split/train/1187.png,"estrecha,"
data/0_input/handout-modified/original_data_split/train/1188.png,pro-
data/0_input/handout-modified/original_data_split/train/1189.png,proveydas
data/0_input/handout-modified/original_data_split/train/1190.png,"cion,"
data/0_input/handout-modified/original_data_split/train/1191.png,Pacien
data/0_input/handout-modified/original_data_split/train/1192.png,ello
data/0_input/handout-modified/original_data_split/train/1193.png,nacido
data/0_input/handout-modified/original_data_split/train/1194.png,"Liberalidad,"
data/0_input/handout-modified/original_data_split/train/1195.png,fa-
data/0_input/handout-modified/original_data_split/train/1196.png,llegareys
data/0_input/handout-modified/original_data_split/train/1197.png,titulo
data/0_input/handout-modified/original_data_split/train/1198.png,"Caton,"
data/0_input/handout-modified/original_data_split/train/1199.png,to-
data/0_input/handout-modified/original_data_split/train/1200.png,"nobleza,"
data/0_input/handout-modified/original_data_split/train/1201.png,buena
data/0_input/handout-modified/original_data_split/train/1202.png,Santo
data/0_input/handout-modified/original_data_split/train/1203.png,orfandad
data/0_input/handout-modified/original_data_split/train/1204.png,espiritu
data/0_input/handout-modified/original_data_split/train/1205.png,dexeys
data/0_input/handout-modified/original_data_split/train/1206.png,doce
data/0_input/handout-modified/original_data_split/train/1207.png,lor
data/0_input/handout-modified/original_data_split/train/1208.png,principalmente
data/0_input/handout-modified/original_data_split/train/1209.png,llegando
data/0_input/handout-modified/original_data_split/train/1210.png,actos
data/0_input/handout-modified/original_data_split/train/1211.png,"años,"
data/0_input/handout-modified/original_data_split/train/1212.png,"Iglesia,"
data/0_input/handout-modified/original_data_split/train/1213.png,Italia
data/0_input/handout-modified/original_data_split/train/1214.png,tivar
data/0_input/handout-modified/original_data_split/train/1215.png,ron
data/0_input/handout-modified/original_data_split/train/1216.png,"guia,"
data/0_input/handout-modified/original_data_split/train/1217.png,"sas,"
data/0_input/handout-modified/original_data_split/train/1218.png,quita
data/0_input/handout-modified/original_data_split/train/1219.png,hu-
data/0_input/handout-modified/original_data_split/train/1220.png,dexaros
data/0_input/handout-modified/original_data_split/train/1221.png,cosa
data/0_input/handout-modified/original_data_split/train/1222.png,Iglesia
data/0_input/handout-modified/original_data_split/train/1223.png,desve-
data/0_input/handout-modified/original_data_split/train/1224.png,estado
data/0_input/handout-modified/original_data_split/train/1225.png,enseñan
data/0_input/handout-modified/original_data_split/train/1226.png,respecto
data/0_input/handout-modified/original_data_split/train/1227.png,rad
data/0_input/handout-modified/original_data_split/train/1228.png,hermanos:
data/0_input/handout-modified/original_data_split/train/1229.png,donde
data/0_input/handout-modified/original_data_split/train/1230.png,PUES
data/0_input/handout-modified/original_data_split/train/1231.png,propios
data/0_input/handout-modified/original_data_split/train/1232.png,desseo
data/0_input/handout-modified/original_data_split/train/1233.png,"Basilio,"
data/0_input/handout-modified/original_data_split/train/1234.png,Espero
data/0_input/handout-modified/original_data_split/train/1235.png,"assi,"
data/0_input/handout-modified/original_data_split/train/1236.png,"dres,"
data/0_input/handout-modified/original_data_split/train/1237.png,prendas
data/0_input/handout-modified/original_data_split/train/1238.png,to
data/0_input/handout-modified/original_data_split/train/1239.png,pre
data/0_input/handout-modified/original_data_split/train/1240.png,encamina-
data/0_input/handout-modified/original_data_split/train/1241.png,fluos
data/0_input/handout-modified/original_data_split/train/1242.png,juzgando
data/0_input/handout-modified/original_data_split/train/1243.png,li-
data/0_input/handout-modified/original_data_split/train/1244.png,"virtudes,"
data/0_input/handout-modified/original_data_split/train/1245.png,"reglas,"
data/0_input/handout-modified/original_data_split/train/1246.png,Magestad.
data/0_input/handout-modified/original_data_split/train/1247.png,nacimos
data/0_input/handout-modified/original_data_split/train/1248.png,"fineza,"
data/0_input/handout-modified/original_data_split/train/1249.png,tambien
data/0_input/handout-modified/original_data_split/train/1250.png,"Ambrosio,"
data/0_input/handout-modified/original_data_split/train/1251.png,"recatada,"
data/0_input/handout-modified/original_data_split/train/1252.png,"fundadores,"
data/0_input/handout-modified/original_data_split/train/1253.png,gana
data/0_input/handout-modified/original_data_split/train/1254.png,merecer
data/0_input/handout-modified/original_data_split/train/1255.png,otro
data/0_input/handout-modified/original_data_split/train/1256.png,servido
data/0_input/handout-modified/original_data_split/train/1257.png,sabiduria
data/0_input/handout-modified/original_data_split/train/1258.png,después
data/0_input/handout-modified/original_data_split/train/1259.png,usad
data/0_input/handout-modified/original_data_split/train/1260.png,llevar
data/0_input/handout-modified/original_data_split/train/1261.png,te
data/0_input/handout-modified/original_data_split/train/1262.png,obli-
data/0_input/handout-modified/original_data_split/train/1263.png,llorado
data/0_input/handout-modified/original_data_split/train/1264.png,venia
data/0_input/handout-modified/original_data_split/train/1265.png,grande
data/0_input/handout-modified/original_data_split/train/1266.png,nuestro
data/0_input/handout-modified/original_data_split/train/1267.png,ex
data/0_input/handout-modified/original_data_split/train/1268.png,"Bernardo,"
data/0_input/handout-modified/original_data_split/train/1269.png,llos)
data/0_input/handout-modified/original_data_split/train/1270.png,serlo
data/0_input/handout-modified/original_data_split/train/1271.png,quedando
data/0_input/handout-modified/original_data_split/train/1272.png,encontran-
data/0_input/handout-modified/original_data_split/train/1273.png,"propio,"
data/0_input/handout-modified/original_data_split/train/1274.png,"nas,"
data/0_input/handout-modified/original_data_split/train/1275.png,lumi-
data/0_input/handout-modified/original_data_split/train/1276.png,puede
data/0_input/handout-modified/original_data_split/train/1277.png,poblada
data/0_input/handout-modified/original_data_split/train/1278.png,"subditos,"
data/0_input/handout-modified/original_data_split/train/1279.png,todos
data/0_input/handout-modified/original_data_split/train/1280.png,parte;
data/0_input/handout-modified/original_data_split/train/1281.png,aborre
data/0_input/handout-modified/original_data_split/train/1282.png,"ressado,"
data/0_input/handout-modified/original_data_split/train/1283.png,"ociosidad,"
data/0_input/handout-modified/original_data_split/train/1284.png,nos
data/0_input/handout-modified/original_data_split/train/1285.png,vinculada
data/0_input/handout-modified/original_data_split/train/1286.png,"dignidad,"
data/0_input/handout-modified/original_data_split/train/1287.png,talentos
data/0_input/handout-modified/original_data_split/train/1288.png,Y
data/0_input/handout-modified/original_data_split/train/1289.png,premo
data/0_input/handout-modified/original_data_split/train/1290.png,su-
data/0_input/handout-modified/original_data_split/train/1291.png,nía
data/0_input/handout-modified/original_data_split/train/1292.png,ellos
data/0_input/handout-modified/original_data_split/train/1293.png,sino
data/0_input/handout-modified/original_data_split/train/1294.png,descuento
data/0_input/handout-modified/original_data_split/train/1295.png,"Trajano,"
data/0_input/handout-modified/original_data_split/train/1296.png,"manifiesta,"
data/0_input/handout-modified/original_data_split/train/1297.png,"trabajo,"
data/0_input/handout-modified/original_data_split/train/1298.png,"Iorgias,"
data/0_input/handout-modified/original_data_split/train/1299.png,"reverenciad,"
data/0_input/handout-modified/original_data_split/train/1300.png,suyos.
data/0_input/handout-modified/original_data_split/train/1301.png,perfumar
data/0_input/handout-modified/original_data_split/train/1302.png,asi
data/0_input/handout-modified/original_data_split/train/1303.png,Para
data/0_input/handout-modified/original_data_split/train/1304.png,ocasiones
data/0_input/handout-modified/original_data_split/train/1305.png,largamente
data/0_input/handout-modified/original_data_split/train/1306.png,"tengo,"
data/0_input/handout-modified/original_data_split/train/1307.png,rentas
data/0_input/handout-modified/original_data_split/train/1308.png,medio
data/0_input/handout-modified/original_data_split/train/1309.png,estad
data/0_input/handout-modified/original_data_split/train/1310.png,"respeto,"
data/0_input/handout-modified/original_data_split/train/1311.png,vicios
data/0_input/handout-modified/original_data_split/train/1312.png,SIENDO
data/0_input/handout-modified/original_data_split/train/1313.png,"oi,"
data/0_input/handout-modified/original_data_split/train/1314.png,"regozijo,"
data/0_input/handout-modified/original_data_split/train/1315.png,dadles
data/0_input/handout-modified/original_data_split/train/1316.png,"Castilla,"
data/0_input/handout-modified/original_data_split/train/1317.png,es
data/0_input/handout-modified/original_data_split/train/1318.png,cor-
data/0_input/handout-modified/original_data_split/train/1319.png,este
data/0_input/handout-modified/original_data_split/train/1320.png,falsa
data/0_input/handout-modified/original_data_split/train/1321.png,"suyo,"
data/0_input/handout-modified/original_data_split/train/1322.png,nidad
data/0_input/handout-modified/original_data_split/train/1323.png,cumplimiento
data/0_input/handout-modified/original_data_split/train/1324.png,hallar
data/0_input/handout-modified/original_data_split/train/1325.png,mundo
data/0_input/handout-modified/original_data_split/train/1326.png,assi
data/0_input/handout-modified/original_data_split/train/1327.png,aprobadas
data/0_input/handout-modified/original_data_split/train/1328.png,q
data/0_input/handout-modified/original_data_split/train/1329.png,"vosotros,"
data/0_input/handout-modified/original_data_split/train/1330.png,e
data/0_input/handout-modified/original_data_split/train/1331.png,España
data/0_input/handout-modified/original_data_split/train/1332.png,sola)
data/0_input/handout-modified/original_data_split/train/1333.png,grandes
data/0_input/handout-modified/original_data_split/train/1334.png,Esta
data/0_input/handout-modified/original_data_split/train/1335.png,"dio,"
data/0_input/handout-modified/original_data_split/train/1336.png,huvieredes
data/0_input/handout-modified/original_data_split/train/1337.png,professando
data/0_input/handout-modified/original_data_split/train/1338.png,educación
data/0_input/handout-modified/original_data_split/train/1339.png,pintaros
data/0_input/handout-modified/original_data_split/train/1340.png,segun
data/0_input/handout-modified/original_data_split/train/1341.png,exemplo
data/0_input/handout-modified/original_data_split/train/1342.png,illus-
data/0_input/handout-modified/original_data_split/train/1343.png,"graciosos,"
data/0_input/handout-modified/original_data_split/train/1344.png,humanas
data/0_input/handout-modified/original_data_split/train/1345.png,desseando
data/0_input/handout-modified/original_data_split/train/1346.png,"narias,"
data/0_input/handout-modified/original_data_split/train/1347.png,vagueadores
data/0_input/handout-modified/original_data_split/train/1348.png,"Clerigos,"
data/0_input/handout-modified/original_data_split/train/1349.png,"recto,"
data/0_input/handout-modified/original_data_split/train/1350.png,lastimar;
data/0_input/handout-modified/original_data_split/train/1351.png,"Santos,"
data/0_input/handout-modified/original_data_split/train/1352.png,"cualquiera,"
data/0_input/handout-modified/original_data_split/train/1353.png,"consejos,"
data/0_input/handout-modified/original_data_split/train/1354.png,"Sermones,"
data/0_input/handout-modified/original_data_split/train/1355.png,divina
data/0_input/handout-modified/original_data_split/train/1356.png,ojos
data/0_input/handout-modified/original_data_split/train/1357.png,mismo:
data/0_input/handout-modified/original_data_split/train/1358.png,renazcays
data/0_input/handout-modified/original_data_split/train/1359.png,dieron
data/0_input/handout-modified/original_data_split/train/1360.png,aviendo
data/0_input/handout-modified/original_data_split/train/1361.png,"repartirla,"
data/0_input/handout-modified/original_data_split/train/1362.png,pajes
data/0_input/handout-modified/original_data_split/train/1363.png,tres
data/0_input/handout-modified/original_data_split/train/1364.png,"dados,"
data/0_input/handout-modified/original_data_split/train/1365.png,cubrir
data/0_input/handout-modified/original_data_split/train/1366.png,"negocios,"
data/0_input/handout-modified/original_data_split/train/1367.png,sola
data/0_input/handout-modified/original_data_split/train/1368.png,"necesaria,"
data/0_input/handout-modified/original_data_split/train/1369.png,"Soldados,"
data/0_input/handout-modified/original_data_split/train/1370.png,divino
data/0_input/handout-modified/original_data_split/train/1371.png,señores
data/0_input/handout-modified/original_data_split/train/1372.png,camino
data/0_input/handout-modified/original_data_split/train/1373.png,"limpiarle,"
data/0_input/handout-modified/original_data_split/train/1374.png,"interes,"
data/0_input/handout-modified/original_data_split/train/1375.png,hazed
data/0_input/handout-modified/original_data_split/train/1376.png,"Religiones,"
data/0_input/handout-modified/original_data_split/train/1377.png,sintiendo
data/0_input/handout-modified/original_data_split/train/1378.png,das
data/0_input/handout-modified/original_data_split/train/1379.png,Conventos
data/0_input/handout-modified/original_data_split/train/1380.png,"él,"
data/0_input/handout-modified/original_data_split/train/1381.png,parezca
data/0_input/handout-modified/original_data_split/train/1382.png,Condesa
data/0_input/handout-modified/original_data_split/train/1383.png,hazer
data/0_input/handout-modified/original_data_split/train/1384.png,sera
data/0_input/handout-modified/original_data_split/train/1385.png,(q
data/0_input/handout-modified/original_data_split/train/1386.png,vassallos
data/0_input/handout-modified/original_data_split/train/1387.png,mad
data/0_input/handout-modified/original_data_split/train/1388.png,muestras
data/0_input/handout-modified/original_data_split/train/1389.png,fuerza
data/0_input/handout-modified/original_data_split/train/1390.png,favor
data/0_input/handout-modified/original_data_split/train/1391.png,Afabilidad
data/0_input/handout-modified/original_data_split/train/1392.png,afectos;
data/0_input/handout-modified/original_data_split/train/1393.png,saber
data/0_input/handout-modified/original_data_split/train/1394.png,bxeza
data/0_input/handout-modified/original_data_split/train/1395.png,acometer
data/0_input/handout-modified/original_data_split/train/1396.png,obligados;
data/0_input/handout-modified/original_data_split/train/1397.png,menosprecio
data/0_input/handout-modified/original_data_split/train/1398.png,reposteros
data/0_input/handout-modified/original_data_split/train/1399.png,giones:
data/0_input/handout-modified/original_data_split/train/1400.png,luz
data/0_input/handout-modified/original_data_split/train/1401.png,faltandoles
data/0_input/handout-modified/original_data_split/train/1402.png,Sumo
data/0_input/handout-modified/original_data_split/train/1403.png,prometo
data/0_input/handout-modified/original_data_split/train/1404.png,algun
data/0_input/handout-modified/original_data_split/train/1405.png,David.
data/0_input/handout-modified/original_data_split/train/1406.png,gaciones
data/0_input/handout-modified/original_data_split/train/1407.png,virtud.
data/0_input/handout-modified/original_data_split/train/1408.png,Livio
data/0_input/handout-modified/original_data_split/train/1409.png,gala
data/0_input/handout-modified/original_data_split/train/1410.png,"cays,"
data/0_input/handout-modified/original_data_split/train/1411.png,qu
data/0_input/handout-modified/original_data_split/train/1412.png,"casa,"
data/0_input/handout-modified/original_data_split/train/1413.png,"comunicación,"
data/0_input/handout-modified/original_data_split/train/1414.png,fues
data/0_input/handout-modified/original_data_split/train/1415.png,conocio
data/0_input/handout-modified/original_data_split/train/1416.png,agradecimiento
data/0_input/handout-modified/original_data_split/train/1417.png,rendida
data/0_input/handout-modified/original_data_split/train/1418.png,tanta
data/0_input/handout-modified/original_data_split/train/1419.png,"sectarios,"
data/0_input/handout-modified/original_data_split/train/1420.png,"acavallo,"
data/0_input/handout-modified/original_data_split/train/1421.png,tutela;
data/0_input/handout-modified/original_data_split/train/1422.png,"mugeres,"
data/0_input/handout-modified/original_data_split/train/1423.png,forzosa
data/0_input/handout-modified/original_data_split/train/1424.png,algunos
data/0_input/handout-modified/original_data_split/train/1425.png,(al
data/0_input/handout-modified/original_data_split/train/1426.png,gobierno
data/0_input/handout-modified/original_data_split/train/1427.png,"Acuña,"
data/0_input/handout-modified/original_data_split/train/1428.png,"Altar,"
data/0_input/handout-modified/original_data_split/train/1429.png,tu
data/0_input/handout-modified/original_data_split/train/1430.png,Consejos
data/0_input/handout-modified/original_data_split/train/1431.png,di
data/0_input/handout-modified/original_data_split/train/1432.png,mateys
data/0_input/handout-modified/original_data_split/train/1433.png,Ro
data/0_input/handout-modified/original_data_split/train/1434.png,Iuliaco.
data/0_input/handout-modified/original_data_split/train/1435.png,par
data/0_input/handout-modified/original_data_split/train/1436.png,constancia
data/0_input/handout-modified/original_data_split/train/1437.png,suerte
data/0_input/handout-modified/original_data_split/train/1438.png,profession
data/0_input/handout-modified/original_data_split/train/1439.png,Maestro
data/0_input/handout-modified/original_data_split/train/1440.png,"Prelados,"
data/0_input/handout-modified/original_data_split/train/1441.png,mandando
data/0_input/handout-modified/original_data_split/train/1442.png,tuviera
data/0_input/handout-modified/original_data_split/train/1443.png,"pido,"
data/0_input/handout-modified/original_data_split/train/1444.png,va-
data/0_input/handout-modified/original_data_split/train/1445.png,leve
data/0_input/handout-modified/original_data_split/train/1446.png,puntual
data/0_input/handout-modified/original_data_split/train/1447.png,equidad
data/0_input/handout-modified/original_data_split/train/1448.png,(remitiendo
data/0_input/handout-modified/original_data_split/train/1449.png,preguntado.
data/0_input/handout-modified/original_data_split/train/1450.png,oydo
data/0_input/handout-modified/original_data_split/train/1451.png,"estava,"
data/0_input/handout-modified/original_data_split/train/1452.png,mano
data/0_input/handout-modified/original_data_split/train/1453.png,"Guarda,"
data/0_input/handout-modified/original_data_split/train/1454.png,Santos:
data/0_input/handout-modified/original_data_split/train/1455.png,Con
data/0_input/handout-modified/original_data_split/train/1456.png,gándole
data/0_input/handout-modified/original_data_split/train/1457.png,aquellas
data/0_input/handout-modified/original_data_split/train/1458.png,ocu-
data/0_input/handout-modified/original_data_split/train/1459.png,"exteriores,"
data/0_input/handout-modified/original_data_split/train/1460.png,forzosos
data/0_input/handout-modified/original_data_split/train/1461.png,exercitar
data/0_input/handout-modified/original_data_split/train/1462.png,"tos,"
data/0_input/handout-modified/original_data_split/train/1463.png,"Sexto,"
data/0_input/handout-modified/original_data_split/train/1464.png,"si,"
data/0_input/handout-modified/original_data_split/train/1465.png,factibles
data/0_input/handout-modified/original_data_split/train/1466.png,Parece
data/0_input/handout-modified/original_data_split/train/1467.png,como
data/0_input/handout-modified/original_data_split/train/1468.png,espiri-
data/0_input/handout-modified/original_data_split/train/1469.png,seays
data/0_input/handout-modified/original_data_split/train/1470.png,"falta,"
data/0_input/handout-modified/original_data_split/train/1471.png,huma-
data/0_input/handout-modified/original_data_split/train/1472.png,tiempos
data/0_input/handout-modified/original_data_split/train/1473.png,Aristoteles
data/0_input/handout-modified/original_data_split/train/1474.png,natu
data/0_input/handout-modified/original_data_split/train/1475.png,Vir-
data/0_input/handout-modified/original_data_split/train/1476.png,muerte
data/0_input/handout-modified/original_data_split/train/1477.png,ello.
data/0_input/handout-modified/original_data_split/train/1478.png,obligaros
data/0_input/handout-modified/original_data_split/train/1479.png,"alhombras,"
data/0_input/handout-modified/original_data_split/train/1480.png,uno
data/0_input/handout-modified/original_data_split/train/1481.png,subditos
data/0_input/handout-modified/original_data_split/train/1482.png,procurad
data/0_input/handout-modified/original_data_split/train/1483.png,manos
data/0_input/handout-modified/original_data_split/train/1484.png,rin-
data/0_input/handout-modified/original_data_split/train/1485.png,todo
data/0_input/handout-modified/original_data_split/train/1486.png,posible)
data/0_input/handout-modified/original_data_split/train/1487.png,Si
data/0_input/handout-modified/original_data_split/train/1488.png,tamente.
data/0_input/handout-modified/original_data_split/train/1489.png,"preciad,"
data/0_input/handout-modified/original_data_split/train/1490.png,"cama,"
data/0_input/handout-modified/original_data_split/train/1491.png,dola
data/0_input/handout-modified/original_data_split/train/1492.png,"enfermos,"
data/0_input/handout-modified/original_data_split/train/1493.png,"cierto,"
data/0_input/handout-modified/original_data_split/train/1494.png,el
data/0_input/handout-modified/original_data_split/train/1495.png,cubrir;
data/0_input/handout-modified/original_data_split/train/1496.png,entre
data/0_input/handout-modified/original_data_split/train/1497.png,Obispos
data/0_input/handout-modified/original_data_split/train/1498.png,ganaron
data/0_input/handout-modified/original_data_split/train/1499.png,dellos.
data/0_input/handout-modified/original_data_split/train/1500.png,beneficios
data/0_input/handout-modified/original_data_split/train/1501.png,que
data/0_input/handout-modified/original_data_split/train/1502.png,valen
data/0_input/handout-modified/original_data_split/train/1503.png,"diferencias,"
data/0_input/handout-modified/original_data_split/train/1504.png,particular)
data/0_input/handout-modified/original_data_split/train/1505.png,tos
data/0_input/handout-modified/original_data_split/train/1506.png,"engañar,"
data/0_input/handout-modified/original_data_split/train/1507.png,fundandole
data/0_input/handout-modified/original_data_split/train/1508.png,vicios:
data/0_input/handout-modified/original_data_split/train/1509.png,"armas,"
data/0_input/handout-modified/original_data_split/train/1510.png,antemano
data/0_input/handout-modified/original_data_split/train/1511.png,lumnas
data/0_input/handout-modified/original_data_split/train/1512.png,"las,"
data/0_input/handout-modified/original_data_split/train/1513.png,gusto
data/0_input/handout-modified/original_data_split/train/1514.png,candalo
data/0_input/handout-modified/original_data_split/train/1515.png,virtuo-
data/0_input/handout-modified/original_data_split/train/1516.png,enamorados<
data/0_input/handout-modified/original_data_split/train/1517.png,"Principes,"
data/0_input/handout-modified/original_data_split/train/1518.png,ocultó
data/0_input/handout-modified/original_data_split/train/1519.png,dan
data/0_input/handout-modified/original_data_split/train/1520.png,nobles
data/0_input/handout-modified/original_data_split/train/1521.png,"primero,"
data/0_input/handout-modified/original_data_split/train/1522.png,Don
data/0_input/handout-modified/original_data_split/train/1523.png,contenteys
data/0_input/handout-modified/original_data_split/train/1524.png,conocen
data/0_input/handout-modified/original_data_split/train/1525.png,podia
data/0_input/handout-modified/original_data_split/train/1526.png,"huesped,"
data/0_input/handout-modified/original_data_split/train/1527.png,dixo
data/0_input/handout-modified/original_data_split/train/1528.png,Rey
data/0_input/handout-modified/original_data_split/train/1529.png,"combites,"
data/0_input/handout-modified/original_data_split/train/1530.png,del
data/0_input/handout-modified/original_data_split/train/1531.png,ganareys
data/0_input/handout-modified/original_data_split/train/1532.png,cumplieredes
data/0_input/handout-modified/original_data_split/train/1533.png,tantas
data/0_input/handout-modified/original_data_split/train/1534.png,devria
data/0_input/handout-modified/original_data_split/train/1535.png,habito
data/0_input/handout-modified/original_data_split/train/1536.png,imitad
data/0_input/handout-modified/original_data_split/train/1537.png,bre
data/0_input/handout-modified/original_data_split/train/1538.png,conocida
data/0_input/handout-modified/original_data_split/train/1539.png,templanza
data/0_input/handout-modified/original_data_split/train/1540.png,valor
data/0_input/handout-modified/original_data_split/train/1541.png,"estados,"
data/0_input/handout-modified/original_data_split/train/1542.png,venerad
data/0_input/handout-modified/original_data_split/train/1543.png,sustenteys
data/0_input/handout-modified/original_data_split/train/1544.png,obliga
data/0_input/handout-modified/original_data_split/train/1545.png,igual
data/0_input/handout-modified/original_data_split/train/1546.png,preciar
data/0_input/handout-modified/original_data_split/train/1547.png,siempre
data/0_input/handout-modified/original_data_split/train/1548.png,han
data/0_input/handout-modified/original_data_split/train/1549.png,vuestras
data/0_input/handout-modified/original_data_split/train/1550.png,pretendiendo
data/0_input/handout-modified/original_data_split/train/1551.png,misma
data/0_input/handout-modified/original_data_split/train/1552.png,piensan
data/0_input/handout-modified/original_data_split/train/1553.png,"Fiesta,"
data/0_input/handout-modified/original_data_split/train/1554.png,"consolaciones,"
data/0_input/handout-modified/original_data_split/train/1555.png,"locos,"
data/0_input/handout-modified/original_data_split/train/1556.png,mas
data/0_input/handout-modified/original_data_split/train/1557.png,"esteys,"
data/0_input/handout-modified/original_data_split/train/1558.png,Semana
data/0_input/handout-modified/original_data_split/train/1559.png,exemplar
data/0_input/handout-modified/original_data_split/train/1560.png,curioso
data/0_input/handout-modified/original_data_split/train/1561.png,"sobrenatural,"
data/0_input/handout-modified/original_data_split/train/1562.png,"depravadas,"
data/0_input/handout-modified/original_data_split/train/1563.png,"estado,"
data/0_input/handout-modified/original_data_split/train/1564.png,casi
data/0_input/handout-modified/original_data_split/train/1565.png,aquellos
data/0_input/handout-modified/original_data_split/train/1566.png,comunion
data/0_input/handout-modified/original_data_split/train/1567.png,Virgen
data/0_input/handout-modified/original_data_split/train/1568.png,primero
data/0_input/handout-modified/original_data_split/train/1569.png,"temporal,"
data/0_input/handout-modified/original_data_split/train/1570.png,de-
data/0_input/handout-modified/original_data_split/train/1571.png,"rendimiento,"
data/0_input/handout-modified/original_data_split/train/1572.png,dia
data/0_input/handout-modified/original_data_split/train/1573.png,ofrecerseos
data/0_input/handout-modified/original_data_split/train/1574.png,tomando
data/0_input/handout-modified/original_data_split/train/1575.png,diera
data/0_input/handout-modified/original_data_split/train/1576.png,comuni-
data/0_input/handout-modified/original_data_split/train/1577.png,mani
data/0_input/handout-modified/original_data_split/train/1578.png,LOS
data/0_input/handout-modified/original_data_split/train/1579.png,esta
data/0_input/handout-modified/original_data_split/train/1580.png,desuelo
data/0_input/handout-modified/original_data_split/train/1581.png,puntos
data/0_input/handout-modified/original_data_split/train/1582.png,"son,"
data/0_input/handout-modified/original_data_split/train/1583.png,"regalos,"
data/0_input/handout-modified/original_data_split/train/1584.png,saqueys
data/0_input/handout-modified/original_data_split/train/1585.png,Sigui-
data/0_input/handout-modified/original_data_split/train/1586.png,hurtando
data/0_input/handout-modified/original_data_split/train/1587.png,lastimosas
data/0_input/handout-modified/original_data_split/train/1588.png,puesto
data/0_input/handout-modified/original_data_split/train/1589.png,Tiles
data/0_input/handout-modified/original_data_split/train/1590.png,Poetas
data/0_input/handout-modified/original_data_split/train/1591.png,dexó
data/0_input/handout-modified/original_data_split/train/1592.png,a
data/0_input/handout-modified/original_data_split/train/1593.png,presentarle
data/0_input/handout-modified/original_data_split/train/1594.png,"prosperidades,"
data/0_input/handout-modified/original_data_split/train/1595.png,assistiendolos
data/0_input/handout-modified/original_data_split/train/1596.png,principalmete
data/0_input/handout-modified/original_data_split/train/1597.png,concededles
data/0_input/handout-modified/original_data_split/train/1598.png,dexandose
data/0_input/handout-modified/original_data_split/train/1599.png,gays
data/0_input/handout-modified/original_data_split/train/1600.png,"todos,"
data/0_input/handout-modified/original_data_split/train/1601.png,atribuyen
data/0_input/handout-modified/original_data_split/train/1602.png,vuestros
data/0_input/handout-modified/original_data_split/train/1603.png,"colgar,"
data/0_input/handout-modified/original_data_split/train/1604.png,ordinario
data/0_input/handout-modified/original_data_split/train/1605.png,"tiempos,"
data/0_input/handout-modified/original_data_split/train/1606.png,ningun
data/0_input/handout-modified/original_data_split/train/1607.png,casos
data/0_input/handout-modified/original_data_split/train/1608.png,"truhanes,"
data/0_input/handout-modified/original_data_split/train/1609.png,lo
data/0_input/handout-modified/original_data_split/train/1610.png,ma:
data/0_input/handout-modified/original_data_split/train/1611.png,"limpio,"
data/0_input/handout-modified/original_data_split/train/1612.png,dominio
data/0_input/handout-modified/original_data_split/train/1613.png,exercicio
data/0_input/handout-modified/original_data_split/train/1614.png,avia
data/0_input/handout-modified/original_data_split/train/1615.png,Fernan-
data/0_input/handout-modified/original_data_split/train/1616.png,"Persia,"
data/0_input/handout-modified/original_data_split/train/1617.png,incentivo
data/0_input/handout-modified/original_data_split/train/1618.png,"Nobles,"
data/0_input/handout-modified/original_data_split/train/1619.png,"Señora,"
data/0_input/handout-modified/original_data_split/train/1620.png,crian
data/0_input/handout-modified/original_data_split/train/1621.png,"ta,"
data/0_input/handout-modified/original_data_split/train/1622.png,"amor,"
data/0_input/handout-modified/original_data_split/train/1623.png,la
data/0_input/handout-modified/original_data_split/train/1624.png,horror
data/0_input/handout-modified/original_data_split/train/1625.png,"partes,"
data/0_input/handout-modified/original_data_split/train/1626.png,consintays
data/0_input/handout-modified/original_data_split/train/1627.png,vemos
data/0_input/handout-modified/original_data_split/train/1628.png,"corazon,"
data/0_input/handout-modified/original_data_split/train/1629.png,"escribe,"
data/0_input/handout-modified/original_data_split/train/1630.png,tros
data/0_input/handout-modified/original_data_split/train/1631.png,Señora
data/0_input/handout-modified/original_data_split/train/1632.png,muchos
data/0_input/handout-modified/original_data_split/train/1633.png,Iglesia.
data/0_input/handout-modified/original_data_split/train/1634.png,"veneracion,"
data/0_input/handout-modified/original_data_split/train/1635.png,diendose
data/0_input/handout-modified/original_data_split/train/1636.png,Escritura
data/0_input/handout-modified/original_data_split/train/1637.png,"obras,"
data/0_input/handout-modified/original_data_split/train/1638.png,"individuaros,"
data/0_input/handout-modified/original_data_split/train/1639.png,mostruosas
data/0_input/handout-modified/original_data_split/train/1640.png,generales
data/0_input/handout-modified/original_data_split/train/1641.png,pobres
data/0_input/handout-modified/original_data_split/train/1642.png,bus-
data/0_input/handout-modified/original_data_split/train/1643.png,publico
data/0_input/handout-modified/original_data_split/train/1644.png,"ira,"
data/0_input/handout-modified/original_data_split/train/1645.png,della
data/0_input/handout-modified/original_data_split/train/1646.png,"prudencias,"
data/0_input/handout-modified/original_data_split/train/1647.png,parte
data/0_input/handout-modified/original_data_split/train/1648.png,menes-
data/0_input/handout-modified/original_data_split/train/1649.png,blo
data/0_input/handout-modified/original_data_split/train/1650.png,"persona,"
data/0_input/handout-modified/original_data_split/train/1651.png,macion
data/0_input/handout-modified/original_data_split/train/1652.png,colgarle
data/0_input/handout-modified/original_data_split/train/1653.png,justicia
data/0_input/handout-modified/original_data_split/train/1654.png,falta
data/0_input/handout-modified/original_data_split/train/1655.png,recibidos
data/0_input/handout-modified/original_data_split/train/1656.png,entriste-
data/0_input/handout-modified/original_data_split/train/1657.png,pidieren
data/0_input/handout-modified/original_data_split/train/1658.png,"distraerlos,"
data/0_input/handout-modified/original_data_split/train/1659.png,"conciencia,"
data/0_input/handout-modified/original_data_split/train/1660.png,"Numa,"
data/0_input/handout-modified/original_data_split/train/1661.png,ar-
data/0_input/handout-modified/original_data_split/train/1662.png,aposento
data/0_input/handout-modified/original_data_split/train/1663.png,"tempos,"
data/0_input/handout-modified/original_data_split/train/1664.png,possible
data/0_input/handout-modified/original_data_split/train/1665.png,"vos,"
data/0_input/handout-modified/original_data_split/train/1666.png,"possible,"
data/0_input/handout-modified/original_data_split/train/1667.png,"Anibal,"
data/0_input/handout-modified/original_data_split/train/1668.png,"Señores,"
data/0_input/handout-modified/original_data_split/train/1669.png,glorioso
data/0_input/handout-modified/original_data_split/train/1670.png,gran
data/0_input/handout-modified/original_data_split/train/1671.png,(no
data/0_input/handout-modified/original_data_split/train/1672.png,cortesia
data/0_input/handout-modified/original_data_split/train/1673.png,tendra
data/0_input/handout-modified/original_data_split/train/1674.png,virtuosos
data/0_input/handout-modified/original_data_split/train/1675.png,"animo,"
data/0_input/handout-modified/original_data_split/train/1676.png,"guerra,"
data/0_input/handout-modified/original_data_split/train/1677.png,ten
data/0_input/handout-modified/original_data_split/train/1678.png,condiciones
data/0_input/handout-modified/original_data_split/train/1679.png,En
data/0_input/handout-modified/original_data_split/train/1680.png,"cumplieredes,"
data/0_input/handout-modified/original_data_split/train/1681.png,beneficio
data/0_input/handout-modified/original_data_split/train/1682.png,conservase
data/0_input/handout-modified/original_data_split/train/1683.png,oyendolos
data/0_input/handout-modified/original_data_split/train/1684.png,ador-
data/0_input/handout-modified/original_data_split/train/1685.png,imposible)
data/0_input/handout-modified/original_data_split/train/1686.png,ma
data/0_input/handout-modified/original_data_split/train/1687.png,hombre
data/0_input/handout-modified/original_data_split/train/1688.png,naciones
data/0_input/handout-modified/original_data_split/train/1689.png,dize
data/0_input/handout-modified/original_data_split/train/1690.png,"turales,"
data/0_input/handout-modified/original_data_split/train/1691.png,tes
data/0_input/handout-modified/original_data_split/train/1692.png,Leon
data/0_input/handout-modified/original_data_split/train/1693.png,queda
data/0_input/handout-modified/original_data_split/train/1694.png,lla
data/0_input/handout-modified/original_data_split/train/1695.png,zelo
data/0_input/handout-modified/original_data_split/train/1696.png,mi
data/0_input/handout-modified/original_data_split/train/1697.png,assistio
data/0_input/handout-modified/original_data_split/train/1698.png,hizo
data/0_input/handout-modified/original_data_split/train/1699.png,"vida,"
data/0_input/handout-modified/original_data_split/train/1700.png,exerci-
data/0_input/handout-modified/original_data_split/train/1701.png,Iglesias
data/0_input/handout-modified/original_data_split/train/1702.png,"lares,"
data/0_input/handout-modified/original_data_split/train/1703.png,promete
data/0_input/handout-modified/original_data_split/train/1704.png,menos)
data/0_input/handout-modified/original_data_split/train/1705.png,"aprovechar,"
data/0_input/handout-modified/original_data_split/train/1706.png,Sacerdote
data/0_input/handout-modified/original_data_split/train/1707.png,"Religiosos,"
data/0_input/handout-modified/original_data_split/train/1708.png,otras
data/0_input/handout-modified/original_data_split/train/1709.png,capaz
data/0_input/handout-modified/original_data_split/train/1710.png,delan-
data/0_input/handout-modified/original_data_split/train/1711.png,"dolores,"
data/0_input/handout-modified/original_data_split/train/1712.png,mucho
data/0_input/handout-modified/original_data_split/train/1713.png,añadire
data/0_input/handout-modified/original_data_split/train/1714.png,pio
data/0_input/handout-modified/original_data_split/train/1715.png,vendiciendo
data/0_input/handout-modified/original_data_split/train/1716.png,faltar
data/0_input/handout-modified/original_data_split/train/1717.png,"muerte,"
data/0_input/handout-modified/original_data_split/train/1718.png,tratarlos
data/0_input/handout-modified/original_data_split/train/1719.png,tre
data/0_input/handout-modified/original_data_split/train/1720.png,"amigos,"
data/0_input/handout-modified/original_data_split/train/1721.png,animo
data/0_input/handout-modified/original_data_split/train/1722.png,Considerad
data/0_input/handout-modified/original_data_split/train/1723.png,cortesias
data/0_input/handout-modified/original_data_split/train/1724.png,solo
data/0_input/handout-modified/original_data_split/train/1725.png,pagan
data/0_input/handout-modified/original_data_split/train/1726.png,cuya
data/0_input/handout-modified/original_data_split/train/1727.png,Sacramento:
data/0_input/handout-modified/original_data_split/train/1728.png,"Platon,"
data/0_input/handout-modified/original_data_split/train/1729.png,Mas
data/0_input/handout-modified/original_data_split/train/1730.png,asistid
data/0_input/handout-modified/original_data_split/train/1731.png,ces
data/0_input/handout-modified/original_data_split/train/1732.png,"verdades,"
data/0_input/handout-modified/original_data_split/train/1733.png,"parte,"
data/0_input/handout-modified/original_data_split/train/1734.png,qualquiera
data/0_input/handout-modified/original_data_split/train/1735.png,paga
data/0_input/handout-modified/original_data_split/train/1736.png,selas
data/0_input/handout-modified/original_data_split/train/1737.png,gunos
data/0_input/handout-modified/original_data_split/train/1738.png,quadraredes
data/0_input/handout-modified/original_data_split/train/1739.png,rico
data/0_input/handout-modified/original_data_split/train/1740.png,según
data/0_input/handout-modified/original_data_split/train/1741.png,"desestimandose,"
data/0_input/handout-modified/original_data_split/train/1742.png,conozcays
data/0_input/handout-modified/original_data_split/train/1743.png,"Nobleza,"
data/0_input/handout-modified/original_data_split/train/1744.png,juzgado)
data/0_input/handout-modified/original_data_split/train/1745.png,brindis
data/0_input/handout-modified/original_data_split/train/1746.png,"Madre,"
data/0_input/handout-modified/original_data_split/train/1747.png,cosas
data/0_input/handout-modified/original_data_split/train/1748.png,vos
data/0_input/handout-modified/original_data_split/train/1749.png,"mismos,"
data/0_input/handout-modified/original_data_split/train/1750.png,permitiendo
data/0_input/handout-modified/original_data_split/train/1751.png,varias
data/0_input/handout-modified/original_data_split/train/1752.png,exemplo)
data/0_input/handout-modified/original_data_split/train/1753.png,princi
data/0_input/handout-modified/original_data_split/train/1754.png,consistiendo
data/0_input/handout-modified/original_data_split/train/1755.png,qualidad
data/0_input/handout-modified/original_data_split/train/1756.png,pu-
data/0_input/handout-modified/original_data_split/train/1757.png,nas.
data/0_input/handout-modified/original_data_split/train/1758.png,nietos
data/0_input/handout-modified/original_data_split/train/1759.png,"virtud,"
data/0_input/handout-modified/original_data_split/train/1760.png,"todo,"
data/0_input/handout-modified/original_data_split/train/1761.png,Real)
data/0_input/handout-modified/original_data_split/train/1762.png,"Quinto,"
data/0_input/handout-modified/original_data_split/train/1763.png,"sente,"
data/0_input/handout-modified/original_data_split/train/1764.png,"dos,"
data/0_input/handout-modified/original_data_split/train/1765.png,"sombrero,"
data/0_input/handout-modified/original_data_split/train/1766.png,"venereys,"
data/0_input/handout-modified/original_data_split/train/1767.png,excede
data/0_input/handout-modified/original_data_split/train/1768.png,mable
data/0_input/handout-modified/original_data_split/train/1769.png,grangear
data/0_input/handout-modified/original_data_split/train/1770.png,provecho
data/0_input/handout-modified/original_data_split/train/1771.png,crio
data/0_input/handout-modified/original_data_split/train/1772.png,"este,"
data/0_input/handout-modified/original_data_split/train/1773.png,alo-
data/0_input/handout-modified/original_data_split/train/1774.png,raron
data/0_input/handout-modified/original_data_split/train/1775.png,Virtudes
data/0_input/handout-modified/original_data_split/train/1776.png,fuesse
data/0_input/handout-modified/original_data_split/train/1777.png,hazerse
data/0_input/handout-modified/original_data_split/train/1778.png,dellos
data/0_input/handout-modified/original_data_split/train/1779.png,Misterio
data/0_input/handout-modified/original_data_split/train/1780.png,digno.
data/0_input/handout-modified/original_data_split/train/1781.png,averos
data/0_input/handout-modified/original_data_split/train/1782.png,queden
data/0_input/handout-modified/original_data_split/train/1783.png,entrar
data/0_input/handout-modified/original_data_split/train/1784.png,pre-
data/0_input/handout-modified/original_data_split/train/1785.png,"Eclesiastico,"
data/0_input/handout-modified/original_data_split/train/1786.png,(con
data/0_input/handout-modified/original_data_split/train/1787.png,presas
data/0_input/handout-modified/original_data_split/train/1788.png,(saliendo
data/0_input/handout-modified/original_data_split/train/1789.png,nunca
data/0_input/handout-modified/original_data_split/train/1790.png,feliz
data/0_input/handout-modified/original_data_split/train/1791.png,admitiendo
data/0_input/handout-modified/original_data_split/train/1792.png,nace
data/0_input/handout-modified/original_data_split/train/1793.png,dexo
data/0_input/handout-modified/original_data_split/train/1794.png,año
data/0_input/handout-modified/original_data_split/train/1795.png,yo
data/0_input/handout-modified/original_data_split/train/1796.png,Casa
data/0_input/handout-modified/original_data_split/train/1797.png,hom-
data/0_input/handout-modified/original_data_split/train/1798.png,"mo,"
data/0_input/handout-modified/original_data_split/train/1799.png,tega
data/0_input/handout-modified/original_data_split/train/1800.png,artilleria
data/0_input/handout-modified/original_data_split/train/1801.png,Socra-
data/0_input/handout-modified/original_data_split/train/1802.png,Religioso
data/0_input/handout-modified/original_data_split/train/1803.png,"festasse,"
data/0_input/handout-modified/original_data_split/train/1804.png,estos
data/0_input/handout-modified/original_data_split/train/1805.png,"creed,"
data/0_input/handout-modified/original_data_split/train/1806.png,sintieron
data/0_input/handout-modified/original_data_split/train/1807.png,bienes
data/0_input/handout-modified/original_data_split/train/1808.png,obligacion
data/0_input/handout-modified/original_data_split/train/1809.png,"tal,"
data/0_input/handout-modified/original_data_split/train/1810.png,alegría
data/0_input/handout-modified/original_data_split/train/1811.png,elos
data/0_input/handout-modified/original_data_split/train/1812.png,añaden
data/0_input/handout-modified/original_data_split/train/1813.png,llega
data/0_input/handout-modified/original_data_split/train/1814.png,debe
data/0_input/handout-modified/original_data_split/train/1815.png,"Religioso,"
data/0_input/handout-modified/original_data_split/train/1816.png,sepa
data/0_input/handout-modified/original_data_split/train/1817.png,Arte
data/0_input/handout-modified/original_data_split/train/1818.png,calamidades
data/0_input/handout-modified/original_data_split/train/1819.png,"Luys,"
data/0_input/handout-modified/original_data_split/train/1820.png,"Christiano,"
data/0_input/handout-modified/original_data_split/train/1821.png,"vasallos,"
data/0_input/handout-modified/original_data_split/train/1822.png,sirve
data/0_input/handout-modified/original_data_split/train/1823.png,dres
data/0_input/handout-modified/original_data_split/train/1824.png,"maliciosos,"
data/0_input/handout-modified/original_data_split/train/1825.png,"Agustin,"
data/0_input/handout-modified/original_data_split/train/1826.png,conformidad
data/0_input/handout-modified/original_data_split/train/1827.png,conocido
data/0_input/handout-modified/original_data_split/train/1828.png,materia
data/0_input/handout-modified/original_data_split/train/1829.png,DEDICATORIA
data/0_input/handout-modified/original_data_split/train/1830.png,patente
data/0_input/handout-modified/original_data_split/train/1831.png,mismas
data/0_input/handout-modified/original_data_split/train/1832.png,Doctores
data/0_input/handout-modified/original_data_split/train/1833.png,Morales
data/0_input/handout-modified/original_data_split/train/1834.png,he
data/0_input/handout-modified/original_data_split/train/1835.png,imitando
data/0_input/handout-modified/original_data_split/train/1836.png,reser-
data/0_input/handout-modified/original_data_split/train/1837.png,nadie
data/0_input/handout-modified/original_data_split/train/1838.png,cion
data/0_input/handout-modified/original_data_split/train/1839.png,escribe
data/0_input/handout-modified/original_data_split/train/1840.png,llamado
data/0_input/handout-modified/original_data_split/train/1841.png,(y
data/0_input/handout-modified/original_data_split/train/1842.png,porque
data/0_input/handout-modified/original_data_split/train/1843.png,Alonso
data/0_input/handout-modified/original_data_split/train/1844.png,chia
data/0_input/handout-modified/original_data_split/train/1845.png,devo-
data/0_input/handout-modified/original_data_split/train/1846.png,usan
data/0_input/handout-modified/original_data_split/train/1847.png,usar
data/0_input/handout-modified/original_data_split/train/1848.png,justamete
data/0_input/handout-modified/original_data_split/train/1849.png,mercedes
data/0_input/handout-modified/original_data_split/train/1850.png,concedera
data/0_input/handout-modified/original_data_split/train/1851.png,"propia,"
data/0_input/handout-modified/original_data_split/train/1852.png,ornato
data/0_input/handout-modified/original_data_split/train/1853.png,:
data/0_input/handout-modified/original_data_split/train/1854.png,esse
